id,aspectCategory,polarity
3235,service,positive
3480,anecdotes/miscellaneous,neutral
1459,food,neutral
1459,food,neutral
1597,price,positive
1597,price,positive
910,service,positive
1441,food,positive
2016,food,positive
733,food,positive
3328,food,positive
1305,food,positive
1305,food,positive
1951,service,negative
1438,food,positive
1438,food,positive
2418,food,positive
2555,service,conflict
2555,service,conflict
2555,service,conflict
2688,price,negative
2688,price,negative
2737,food,positive
2737,food,positive
2737,food,positive
467,anecdotes/miscellaneous,positive
467,anecdotes/miscellaneous,positive
2440,service,positive
1570,food,negative
2244,food,positive
1781,anecdotes/miscellaneous,positive
3606,food,positive
1454,food,positive
3543,anecdotes/miscellaneous,positive
1206,food,positive
1206,food,positive
2648,food,positive
1070,ambience,conflict
1070,ambience,conflict
642,anecdotes/miscellaneous,positive
493,service,positive
2694,anecdotes/miscellaneous,positive
621,food,positive
1888,anecdotes/miscellaneous,negative
238,food,positive
238,food,positive
1164,food,positive
1164,food,positive
30,anecdotes/miscellaneous,negative
2273,food,positive
429,food,positive
589,anecdotes/miscellaneous,positive
289,anecdotes/miscellaneous,neutral
1846,food,conflict
1846,food,conflict
958,food,positive
110,food,positive
3514,anecdotes/miscellaneous,positive
2402,food,positive
1612,anecdotes/miscellaneous,positive
2826,anecdotes/miscellaneous,positive
3401,food,positive
35,anecdotes/miscellaneous,neutral
1226,price,positive
3544,ambience,positive
2304,anecdotes/miscellaneous,positive
3688,service,positive
1182,food,positive
1182,food,positive
1303,anecdotes/miscellaneous,neutral
1303,anecdotes/miscellaneous,neutral
1064,anecdotes/miscellaneous,positive
212,food,positive
1313,food,positive
1313,food,positive
1647,anecdotes/miscellaneous,positive
1647,anecdotes/miscellaneous,positive
1982,food,negative
2902,anecdotes/miscellaneous,positive
415,anecdotes/miscellaneous,negative
2822,food,positive
3268,ambience,positive
1100,anecdotes/miscellaneous,positive
1510,anecdotes/miscellaneous,positive
2338,anecdotes/miscellaneous,negative
3345,anecdotes/miscellaneous,positive
1786,food,positive
1786,food,positive
2754,anecdotes/miscellaneous,positive
2754,anecdotes/miscellaneous,positive
1942,service,positive
1894,food,positive
1894,food,positive
1894,food,positive
153,food,positive
1346,food,positive
1346,food,positive
3585,food,positive
204,ambience,negative
3216,food,positive
1686,food,positive
1686,food,positive
2419,food,positive
713,service,negative
2581,anecdotes/miscellaneous,negative
97,food,positive
161,anecdotes/miscellaneous,positive
1376,anecdotes/miscellaneous,positive
329,service,positive
329,service,positive
329,service,positive
1067,anecdotes/miscellaneous,positive
98,food,positive
2006,service,positive
1721,anecdotes/miscellaneous,positive
690,price,positive
690,price,positive
3251,ambience,negative
2272,food,negative
2272,food,negative
601,ambience,positive
601,ambience,positive
601,ambience,positive
615,food,positive
2162,anecdotes/miscellaneous,positive
2800,anecdotes/miscellaneous,positive
2525,ambience,positive
1190,service,positive
2336,ambience,positive
3265,food,negative
416,food,negative
3015,anecdotes/miscellaneous,negative
364,service,negative
501,anecdotes/miscellaneous,negative
1275,anecdotes/miscellaneous,positive
2330,service,negative
460,anecdotes/miscellaneous,positive
1385,food,positive
1385,food,positive
1088,food,positive
3201,food,positive
3201,food,positive
3481,anecdotes/miscellaneous,positive
3481,anecdotes/miscellaneous,positive
308,anecdotes/miscellaneous,neutral
1157,anecdotes/miscellaneous,positive
2394,service,positive
2176,food,positive
1129,food,conflict
1872,ambience,positive
1872,ambience,positive
1078,food,positive
61,food,positive
61,food,positive
1468,anecdotes/miscellaneous,positive
1268,food,positive
1900,anecdotes/miscellaneous,neutral
843,service,positive
843,service,positive
843,service,positive
2184,food,positive
1151,anecdotes/miscellaneous,negative
115,anecdotes/miscellaneous,positive
2550,anecdotes/miscellaneous,positive
3635,anecdotes/miscellaneous,positive
2778,service,conflict
2778,service,conflict
903,anecdotes/miscellaneous,positive
1227,service,conflict
2130,anecdotes/miscellaneous,positive
1824,anecdotes/miscellaneous,positive
3076,anecdotes/miscellaneous,positive
2269,anecdotes/miscellaneous,positive
2577,anecdotes/miscellaneous,positive
2666,price,negative
2666,price,negative
1409,anecdotes/miscellaneous,positive
956,food,positive
1912,anecdotes/miscellaneous,positive
5,anecdotes/miscellaneous,positive
1237,food,positive
881,anecdotes/miscellaneous,positive
417,anecdotes/miscellaneous,positive
1309,anecdotes/miscellaneous,positive
1598,anecdotes/miscellaneous,positive
582,anecdotes/miscellaneous,positive
864,food,negative
711,anecdotes/miscellaneous,neutral
2228,anecdotes/miscellaneous,positive
2493,anecdotes/miscellaneous,positive
2879,service,positive
2879,service,positive
2879,service,positive
3432,food,negative
3432,food,negative
1212,ambience,positive
1582,anecdotes/miscellaneous,positive
2287,food,positive
1160,food,positive
2773,anecdotes/miscellaneous,positive
2773,anecdotes/miscellaneous,positive
2155,food,positive
135,price,positive
2839,anecdotes/miscellaneous,negative
3290,anecdotes/miscellaneous,positive
471,food,negative
2147,anecdotes/miscellaneous,positive
480,service,positive
37,service,positive
3160,anecdotes/miscellaneous,positive
3069,anecdotes/miscellaneous,positive
2072,anecdotes/miscellaneous,positive
1456,price,positive
1456,price,positive
1456,price,positive
3174,service,positive
3413,anecdotes/miscellaneous,positive
1954,ambience,positive
1954,ambience,positive
643,anecdotes/miscellaneous,positive
1271,food,positive
1631,food,positive
1631,food,positive
689,food,positive
3580,food,positive
3580,food,positive
3524,anecdotes/miscellaneous,positive
510,anecdotes/miscellaneous,positive
510,anecdotes/miscellaneous,positive
600,anecdotes/miscellaneous,negative
424,food,positive
3091,food,positive
3091,food,positive
676,food,positive
7,service,positive
1371,food,negative
2091,anecdotes/miscellaneous,negative
1596,food,positive
1232,food,positive
967,food,negative
967,food,negative
1127,food,positive
2576,food,positive
2242,anecdotes/miscellaneous,positive
2650,anecdotes/miscellaneous,positive
2529,anecdotes/miscellaneous,negative
3167,food,conflict
1217,food,positive
1149,anecdotes/miscellaneous,neutral
2644,food,negative
2812,service,positive
1028,anecdotes/miscellaneous,positive
2167,food,positive
795,anecdotes/miscellaneous,positive
573,service,positive
573,service,positive
1082,food,positive
1082,food,positive
1080,food,positive
2929,anecdotes/miscellaneous,positive
752,food,positive
1641,food,positive
3257,anecdotes/miscellaneous,positive
2897,food,positive
2897,food,positive
872,ambience,positive
872,ambience,positive
2828,anecdotes/miscellaneous,negative
2086,food,positive
3507,ambience,positive
3507,ambience,positive
635,anecdotes/miscellaneous,positive
957,food,positive
2249,food,positive
2249,food,positive
1724,food,positive
761,anecdotes/miscellaneous,neutral
1640,anecdotes/miscellaneous,positive
2322,anecdotes/miscellaneous,positive
3476,anecdotes/miscellaneous,positive
2080,service,negative
2080,service,negative
866,service,positive
1031,food,positive
1031,food,positive
1031,food,positive
712,service,conflict
3226,food,positive
3093,anecdotes/miscellaneous,positive
931,anecdotes/miscellaneous,positive
979,service,positive
1205,food,positive
1414,anecdotes/miscellaneous,positive
3603,anecdotes/miscellaneous,positive
2809,anecdotes/miscellaneous,negative
2567,food,positive
2567,food,positive
1419,food,positive
1419,food,positive
305,food,positive
2843,food,positive
1931,anecdotes/miscellaneous,positive
181,food,positive
181,food,positive
3579,food,positive
2455,service,positive
2040,food,positive
3080,food,positive
2849,anecdotes/miscellaneous,positive
1465,service,positive
1465,service,positive
2927,ambience,positive
1544,ambience,conflict
1544,ambience,conflict
2161,food,positive
3115,service,neutral
1341,service,positive
3468,anecdotes/miscellaneous,positive
3468,anecdotes/miscellaneous,positive
840,food,positive
1011,food,negative
1011,food,negative
698,food,positive
14,food,positive
557,service,conflict
1788,price,positive
3302,service,positive
1651,price,negative
1651,price,negative
160,anecdotes/miscellaneous,positive
1777,anecdotes/miscellaneous,positive
919,anecdotes/miscellaneous,neutral
2427,anecdotes/miscellaneous,neutral
2427,anecdotes/miscellaneous,neutral
2404,ambience,positive
116,food,positive
116,food,positive
2008,food,positive
2206,service,negative
2206,service,negative
1010,food,positive
89,food,positive
89,food,positive
89,food,positive
2994,service,positive
879,anecdotes/miscellaneous,positive
2572,anecdotes/miscellaneous,positive
1288,food,positive
1288,food,positive
3604,anecdotes/miscellaneous,positive
1723,food,positive
3491,food,positive
3610,ambience,positive
2909,anecdotes/miscellaneous,positive
2656,anecdotes/miscellaneous,positive
2656,anecdotes/miscellaneous,positive
2598,anecdotes/miscellaneous,positive
3172,anecdotes/miscellaneous,positive
1795,service,negative
2992,anecdotes/miscellaneous,positive
3438,service,positive
3438,service,positive
1276,price,positive
730,food,positive
1870,service,positive
2367,anecdotes/miscellaneous,neutral
1519,service,positive
2904,food,positive
1009,service,negative
2642,food,positive
43,anecdotes/miscellaneous,positive
1460,ambience,positive
307,anecdotes/miscellaneous,positive
307,anecdotes/miscellaneous,positive
860,anecdotes/miscellaneous,positive
2594,anecdotes/miscellaneous,neutral
607,anecdotes/miscellaneous,positive
1338,food,positive
1338,food,positive
1625,service,negative
2665,anecdotes/miscellaneous,negative
2095,food,negative
2095,food,negative
989,service,positive
989,service,positive
1803,anecdotes/miscellaneous,neutral
3047,service,negative
850,anecdotes/miscellaneous,negative
2993,food,positive
2993,food,positive
2596,anecdotes/miscellaneous,positive
3602,anecdotes/miscellaneous,positive
3108,food,conflict
3108,food,conflict
3439,anecdotes/miscellaneous,positive
1604,anecdotes/miscellaneous,neutral
1440,food,positive
101,food,positive
351,food,positive
2009,anecdotes/miscellaneous,negative
988,food,positive
2963,food,positive
2963,food,positive
3412,ambience,positive
3412,ambience,positive
1311,anecdotes/miscellaneous,positive
246,food,positive
246,food,positive
1771,food,positive
1913,anecdotes/miscellaneous,positive
1394,ambience,positive
226,anecdotes/miscellaneous,positive
3642,service,positive
3642,service,positive
2159,food,positive
1708,anecdotes/miscellaneous,positive
593,food,negative
230,anecdotes/miscellaneous,positive
1061,service,positive
3136,anecdotes/miscellaneous,positive
947,service,positive
1514,food,positive
3187,anecdotes/miscellaneous,positive
1906,food,positive
2700,anecdotes/miscellaneous,neutral
2700,anecdotes/miscellaneous,neutral
2781,anecdotes/miscellaneous,positive
15,anecdotes/miscellaneous,neutral
1970,food,positive
2942,anecdotes/miscellaneous,positive
2465,anecdotes/miscellaneous,positive
2038,food,positive
2038,food,positive
186,ambience,positive
2127,food,positive
130,service,negative
702,food,positive
702,food,positive
3510,anecdotes/miscellaneous,positive
3510,anecdotes/miscellaneous,positive
3030,anecdotes/miscellaneous,negative
1320,food,negative
328,anecdotes/miscellaneous,positive
512,food,positive
512,food,positive
3019,anecdotes/miscellaneous,neutral
1683,service,positive
1683,service,positive
1683,service,positive
195,food,positive
2623,food,positive
2623,food,positive
1974,anecdotes/miscellaneous,negative
959,service,positive
959,service,positive
419,anecdotes/miscellaneous,positive
2172,food,positive
3518,anecdotes/miscellaneous,positive
1171,anecdotes/miscellaneous,positive
1171,anecdotes/miscellaneous,positive
1518,food,positive
941,service,positive
2898,food,positive
1960,anecdotes/miscellaneous,conflict
1960,anecdotes/miscellaneous,conflict
1960,anecdotes/miscellaneous,conflict
706,anecdotes/miscellaneous,neutral
214,food,positive
1285,anecdotes/miscellaneous,positive
560,food,positive
2461,anecdotes/miscellaneous,positive
3022,anecdotes/miscellaneous,positive
3022,anecdotes/miscellaneous,positive
2065,anecdotes/miscellaneous,positive
2468,food,negative
3558,food,positive
3063,anecdotes/miscellaneous,positive
1977,anecdotes/miscellaneous,negative
87,anecdotes/miscellaneous,negative
2499,anecdotes/miscellaneous,positive
2093,anecdotes/miscellaneous,negative
2153,anecdotes/miscellaneous,neutral
721,food,positive
1156,anecdotes/miscellaneous,positive
2409,service,positive
3233,anecdotes/miscellaneous,neutral
2359,food,conflict
3545,anecdotes/miscellaneous,conflict
2968,ambience,positive
2968,ambience,positive
210,anecdotes/miscellaneous,positive
382,food,positive
1715,anecdotes/miscellaneous,positive
1517,anecdotes/miscellaneous,negative
611,food,positive
2379,anecdotes/miscellaneous,neutral
1643,food,positive
2305,anecdotes/miscellaneous,neutral
2989,service,negative
848,anecdotes/miscellaneous,positive
2156,food,positive
1966,anecdotes/miscellaneous,positive
2088,anecdotes/miscellaneous,negative
1150,anecdotes/miscellaneous,positive
185,food,negative
1710,food,conflict
1710,food,conflict
1710,food,conflict
1710,food,conflict
2610,anecdotes/miscellaneous,positive
649,anecdotes/miscellaneous,positive
649,anecdotes/miscellaneous,positive
649,anecdotes/miscellaneous,positive
3450,anecdotes/miscellaneous,neutral
974,anecdotes/miscellaneous,negative
3089,ambience,positive
647,food,positive
2954,ambience,positive
378,food,positive
490,anecdotes/miscellaneous,positive
3245,food,positive
1426,anecdotes/miscellaneous,positive
1992,anecdotes/miscellaneous,positive
414,food,positive
414,food,positive
1857,service,positive
1857,service,positive
164,ambience,positive
164,ambience,positive
1480,food,positive
904,food,positive
3094,anecdotes/miscellaneous,positive
1717,anecdotes/miscellaneous,conflict
3663,food,positive
3663,food,positive
3663,food,positive
3250,service,negative
3366,food,positive
3073,food,conflict
3303,anecdotes/miscellaneous,positive
1299,anecdotes/miscellaneous,positive
704,food,positive
704,food,positive
2488,anecdotes/miscellaneous,positive
1839,food,positive
1839,food,positive
1756,price,positive
29,anecdotes/miscellaneous,negative
484,food,conflict
1993,food,positive
2574,food,positive
3595,food,negative
3595,food,negative
1097,price,positive
1097,price,positive
1097,price,positive
2844,anecdotes/miscellaneous,positive
2844,anecdotes/miscellaneous,positive
2692,service,positive
2692,service,positive
2692,service,positive
2590,food,positive
71,service,positive
71,service,positive
71,service,positive
1584,anecdotes/miscellaneous,positive
2957,food,positive
2957,food,positive
2957,food,positive
2235,anecdotes/miscellaneous,positive
3633,service,positive
2696,food,positive
2696,food,positive
1186,anecdotes/miscellaneous,negative
3224,food,positive
1154,anecdotes/miscellaneous,positive
935,food,positive
3306,anecdotes/miscellaneous,negative
2312,anecdotes/miscellaneous,positive
1742,anecdotes/miscellaneous,positive
3355,food,positive
3355,food,positive
331,anecdotes/miscellaneous,neutral
637,ambience,positive
2029,anecdotes/miscellaneous,conflict
2029,anecdotes/miscellaneous,conflict
2258,anecdotes/miscellaneous,positive
2341,anecdotes/miscellaneous,neutral
2341,anecdotes/miscellaneous,neutral
679,anecdotes/miscellaneous,positive
2004,anecdotes/miscellaneous,positive
644,service,positive
2007,food,positive
723,anecdotes/miscellaneous,positive
314,food,positive
314,food,positive
3107,anecdotes/miscellaneous,positive
580,food,positive
1295,service,positive
1590,anecdotes/miscellaneous,positive
2701,food,positive
2701,food,positive
2514,anecdotes/miscellaneous,negative
997,anecdotes/miscellaneous,positive
470,anecdotes/miscellaneous,negative
2730,anecdotes/miscellaneous,positive
1491,food,positive
1001,ambience,positive
1001,ambience,positive
906,anecdotes/miscellaneous,neutral
758,food,positive
758,food,positive
758,food,positive
1601,food,positive
2877,anecdotes/miscellaneous,positive
2195,service,positive
1917,food,positive
1796,anecdotes/miscellaneous,positive
2252,service,positive
2252,service,positive
3679,anecdotes/miscellaneous,positive
3668,food,positive
928,food,positive
928,food,positive
1794,food,positive
1794,food,positive
3652,anecdotes/miscellaneous,negative
2853,anecdotes/miscellaneous,positive
1163,service,positive
216,anecdotes/miscellaneous,positive
1109,food,positive
899,service,positive
